"Activo","Nombre","Clase","Pais Sede","Tipo de Activo","Activo /|Cancelado","Codigo","Bolsa / Fuente","Descripción del|tipo valor","Fecha del|Inicio de la Serie","Fecha de la|Ult Cotización","Moneda de las|Cotizaciones","Sector NAICS|ult disponib","Sector|Economatica"
"AEROMEX<XMEX>","Aeromex","*","MX","Accion","cancelado","AEROMEX","BMV","Acciones","2022-03-18","2022-12-19","Peso Mexico","Transporte aéreo regular","Transporte Servic"
"AEROMEXold<XMEX>","Aeromex","*-old","MX","Accion","cancelado","AEROMEXold","BMV","Acciones","2011-04-13","2022-03-16","Peso Mexico","Transporte aéreo regular","Transporte Servic"
"AHMSA<XMEX>","Altos Hornos de Mex","*","MX","Accion","cancelado","AHMSA","BMV","Acciones","1994-08-16","1999-05-25","Peso Mexico","Industria básica del hierro y del acero","Siderur & Metalur"
"ANB<XMEX>","Anheuser-Busch","*","MX","Accion","cancelado","ANB","BMV","Acciones","2020-06-10","2026-04-28","Peso Mexico","Industria de las bebidas","Alimentos y Beb"
"PAPPEL<XMEX>","Bio Pappel","*","MX","Accion","cancelado","PAPPEL","BMV","Acciones","2005-04-04","2021-08-24","Peso Mexico","Fabricación de pulpa, papel y cartón","Papel y Celulosa"
"GFAMSAA<XMEX>","GFamsa","A","MX","Accion","cancelado","GFAMSAA","BMV","Acciones","2006-05-19","2023-05-02","Peso Mexico","Otros tipos de tienda","Comercio"
"GMXT<XMEX>","Gméxico Transportes","*","MX","Accion","cancelado","GMXT","BMV","Acciones","2017-11-10","2026-01-16","Peso Mexico","Fabricación de equipo ferroviario","Vehículos y Pieza"
"ICA<XMEX>","Ica Soc Controlad","*","MX","Accion","cancelado","ICA","BMV","Acciones","1992-04-09","2017-08-25","Peso Mexico","Otras construcciones y ingeniería civil","Construcción"
"IENOVA<XMEX>","Infraes Energetica","*","MX","Accion","cancelado","IENOVA","BMV","Acciones","2013-03-22","2021-10-13","Peso Mexico","Generación, transmisión y suministro de energía eléctrica","Energía Eléctrica"
"QUMMAB<XMEX>","Qumma","B","MX","Accion","cancelado","QUMMAB","BMV","Acciones","1994-06-30","2003-02-06","Peso Mexico","Telecomunicaciones","Telecomunicación"
"RASSINIA<XMEX>","San Luis Corp","A","MX","Accion","cancelado","RASSINIA","BMV","Acciones","1991-12-02","2019-08-29","Peso Mexico","Fabricación de partes para vehículos automotores","Vehículos y Pieza"
"RASSINICPO<XMEX>","San Luis Corp","CPO","MX","Accion","cancelado","RASSINICPO","BMV","Acciones","1995-03-10","2019-09-02","Peso Mexico","Fabricación de partes para vehículos automotores","Vehículos y Pieza"
"SAREB<XMEX>","Sare","B","MX","Accion","cancelado","SAREB","BMV","Acciones","2003-10-24","2019-05-29","Peso Mexico","Edificación residencial","Construcción"
"SITESA<XMEX>","Telesites","A","MX","Accion","cancelado","SITESA","BMV","Acciones","2015-12-21","2016-07-12","Peso Mexico","Otros servicios de telecomunicaciones","Telecomunicación"
"SITESB-1<XMEX>","Telesites","B-1","MX","Accion","cancelado","SITESB-1","BMV","Acciones","2015-12-21","2022-03-14","Peso Mexico","Otros servicios de telecomunicaciones","Telecomunicación"
"AZTECACPO<XMEX>","TV Azteca","CPO","MX","Accion","cancelado","AZTECACPO","BMV","Acciones","1997-08-15","2023-05-31","Peso Mexico","Telecomunicaciones","Telecomunicación"
"VITROAold<XMEX>","Vitroold","A","MX","Accion","cancelado","VITROAold","BMV","Acciones","1991-12-02","2024-02-27","Peso Mexico","Fabricación de vidrio y productos de vidrio","Minerales no Met"
"ABACOGFA<XMEX>","Abaco GF","A","MX","Accion","cancelado","ABACOGFA","BMV","Acciones No Susceptibles de Negociación en la BMV","1992-03-24","1997-07-14","Peso Mexico","Instituciones de intermediación crediticia y financiera no bursátil","Finanzas y Seguros"
"AMXAA<XMEX>","America Movil","AA","MX","Accion","cancelado","AMXAA","BMV","Acciones No Susceptibles de Negociación en la BMV","-","-","Peso Mexico","Operadores de servicios de telecomunicaciones inalámbricas (excepto satélite)","Telecomunicación"
"CREAL<XMEX>","Creal","*","MX","Accion","cancelado","CREAL","BMV","Acciones Seguros, Fianzas y Organizaciones Auxiliares de Crédito","2012-10-17","2022-05-31","Peso Mexico","Instituciones financieras de fomento económico","Finanzas y Seguros"
"GENSEG<XMEX>","General de Seguros","*","MX","Accion","cancelado","GENSEG","BMV","Acciones Seguros, Fianzas y Organizaciones Auxiliares de Crédito","1992-02-26","2019-05-15","Peso Mexico","Instituciones de seguros","Finanzas y Seguros"
"GEOB<XMEX>","Geo Corporacion","B","MX","Accion","cancelado","GEOB","BMV","Acciones Seguros, Fianzas y Organizaciones Auxiliares de Crédito","1994-09-13","2018-04-30","Peso Mexico","Edificación residencial","Construcción"
"TERRA13<XMEX>","Fibra Terra","13","MX","Accion","cancelado","TERRA13","BMV","Fibras","2013-03-19","2026-02-18","Peso Mexico","Centros generales de alquiler","Otros"
"ACMEXA1<XMEX>","A C Mexicana","A1","MX","Accion","cancelado","ACMEXA1","BMV","-","1997-11-06","1997-11-06","Peso Mexico","Fabricación de maquinaria y equipo agropecuario, para la construcción y para la industria extractiva","Maquinaria Indust"
"ACMEXB1<XMEX>","A C Mexicana","B1","MX","Accion","cancelado","ACMEXB1","BMV","-","1997-11-06","1997-11-06","Peso Mexico","Fabricación de maquinaria y equipo agropecuario, para la construcción y para la industria extractiva","Maquinaria Indust"
"ABACOGFB<XMEX>","Abaco GF","B","MX","Accion","cancelado","ABACOGFB","BMV","-","1992-03-26","1997-07-22","Peso Mexico","Instituciones de intermediación crediticia y financiera no bursátil","Finanzas y Seguros"
"ACERLA<XMEX>","Acer Latinoamerica","","MX","Accion","cancelado","ACERLA","BMV","-","1996-07-19","2000-04-12","Peso Mexico","Fabricación de computadoras y equipo periférico","Electroelectronic"
"AGRIEXPA<XMEX>","Agro Ind Exportador","A","MX","Accion","cancelado","AGRIEXPA","BMV","-","1996-12-20","2005-08-12","Peso Mexico","Agricultura","Agro & Pesca"
"ALSA<XMEX>","Almacenadora Acce","Ord","MX","Accion","cancelado","ALSA","BMV","-","1999-09-30","2002-03-19","Peso Mexico","Servicios de almacenamiento","Otros"
"AMTELA1<XMEX>","America Telecom","A1","MX","Accion","cancelado","AMTELA1","BMV","-","2002-05-02","2007-01-19","Peso Mexico","Telecomunicaciones","Telecomunicación"
"APASCO<XMEX>","Apasco","Ord","MX","Accion","cancelado","APASCO","BMV","-","1991-12-02","2004-05-17","Peso Mexico","Fabricación de cemento y productos de concreto","Minerales no Met"
"ARGOSB<XMEX>","Argos Embotelladora","B","MX","Accion","cancelado","ARGOSB","BMV","-","1998-11-16","2003-01-23","Peso Mexico","Industria de las bebidas","Alimentos y Beb"
"ARISTOSB<XMEX>","Aristos Consorcio","B","MX","Accion","cancelado","ARISTOSB","BMV","-","1992-01-02","2012-11-09","Peso Mexico","Construcción","Construcción"
"UNIFINA old<XMEX>","Arrendadora Unifin Old","A","MX","Accion","cancelado","UNIFINA old","BMV","-","2015-05-21","2019-04-12","Peso Mexico","Servicios financieros y de seguros","Finanzas y Seguros"
"AXISB<XMEX>","Axis Sistemas","B","MX","Accion","cancelado","AXISB","BMV","-","1991-12-02","2000-08-25","Peso Mexico","Servicios de apoyo a los negocios","Otros"
"BANACCIO<XMEX>","Banamex Accival GF","O","MX","Accion","cancelado","BANACCIO","BMV","-","1991-12-02","2001-09-06","Peso Mexico","Bancos","Finanzas y Seguros"
"COMPART_O<XMEX>","Banco Compartamos","O","MX","Accion","cancelado","COMPART_O","BMV","-","2007-04-19","2011-10-04","Peso Mexico","Bancos","Finanzas y Seguros"
"BBVPROB<XMEX>","BBV-Probursa GF","B","MX","Accion","cancelado","BBVPROB","BMV","-","1991-12-02","2000-08-25","Peso Mexico","Bancos","Finanzas y Seguros"
"PAPPELA<XMEX>","Bio Pappel","A","MX","Accion","cancelado","PAPPELA","BMV","-","1994-07-15","2006-08-14","Peso Mexico","Fabricación de pulpa, papel y cartón","Papel y Celulosa"
"MOVILAB<XMEX>","Biper","B","MX","Accion","cancelado","MOVILAB","BMV","-","1997-06-20","2007-09-24","Peso Mexico","Telecomunicaciones","Telecomunicación"
"BUFETECPO<XMEX>","Bufete Industrial","CPO","MX","Accion","cancelado","BUFETECPO","BMV","-","1994-09-21","1999-07-13","Peso Mexico","Construcción pesada y ingeniería civil","Construcción"
"CAMPUSA<XMEX>","Campus","A","MX","Accion","cancelado","CAMPUSA","BMV","-","1998-12-17","2001-04-16","Peso Mexico","Cultivo en invernaderos y viveros, y floricultura","Agro & Pesca"
"CAMPUSB<XMEX>","Campus","B","MX","Accion","cancelado","CAMPUSB","BMV","-","1999-01-14","1999-05-31","Peso Mexico","Cultivo en invernaderos y viveros, y floricultura","Agro & Pesca"
"TELECOMA1<XMEX>","Carso Global Teleco","A1","MX","Accion","cancelado","TELECOMA1","BMV","-","1996-07-26","2011-01-19","Peso Mexico","Telecomunicaciones","Telecomunicación"
"CICSAB-1<XMEX>","Carso Infraestr.","B-1","MX","Accion","cancelado","CICSAB-1","BMV","-","2005-10-20","2012-05-18","Peso Mexico","Construcción de obras para el suministro de agua, petróleo, gas, energía eléctrica y telecomunicaciones","Construcción"
"CBIGFA<XMEX>","Cbi Gpo Fin","A","MX","Accion","cancelado","CBIGFA","BMV","-","1998-11-13","1998-11-13","Peso Mexico","Actividades bursátiles, cambiarias y de inversión financiera","Finanzas y Seguros"
"CBIGFB<XMEX>","Cbi Gpo Fin","B","MX","Accion","cancelado","CBIGFB","BMV","-","1998-11-13","1998-11-13","Peso Mexico","Actividades bursátiles, cambiarias y de inversión financiera","Finanzas y Seguros"
"AMEXICOA<XMEX>","Cintra","A","MX","Accion","cancelado","AMEXICOA","BMV","-","1996-06-28","2007-12-21","Peso Mexico","Transporte aéreo regular","Transporte Servic"
"KOFL<XMEX>","Coca Cola Femsa","L","MX","Accion","cancelado","KOFL","BMV","-","1993-09-14","2019-04-10","Peso Mexico","Industria de las bebidas","Alimentos y Beb"
"COMERCIUB<XMEX>","Comercial Mexicana","UB","MX","Accion","cancelado","COMERCIUB","BMV","-","1996-09-10","2013-12-27","Peso Mexico","Grandes almacenes","Comercio"
"COMERCIUBC<XMEX>","Comercial Mexicana","UBC","MX","Accion","cancelado","COMERCIUBC","BMV","-","1991-12-02","2016-07-08","Peso Mexico","Grandes almacenes","Comercio"
"CONTAL<XMEX>","Continental Grupo","Ord","MX","Accion","cancelado","CONTAL","BMV","-","1991-12-02","2011-05-31","Peso Mexico","Industria de las bebidas","Alimentos y Beb"
"COFARA<XMEX>","Control de Farmacia","A","MX","Accion","cancelado","COFARA","BMV","-","2000-03-13","2000-03-14","Peso Mexico","Tienda de artículos de salud y cuidados personales","Comercio"
"COFARB<XMEX>","Control de Farmacia","B","MX","Accion","cancelado","COFARB","BMV","-","1994-05-03","2002-09-26","Peso Mexico","Tienda de artículos de salud y cuidados personales","Comercio"
"ALMACO2<XMEX>","Coppel","2","MX","Accion","cancelado","ALMACO2","BMV","-","1998-01-20","1998-01-28","Peso Mexico","Grandes almacenes","Comercio"
"COVARRA<XMEX>","Covarra Grupo","Ord","MX","Accion","cancelado","COVARRA","BMV","-","1997-07-24","2002-05-28","Peso Mexico","Fabricación de telas","Textil"
"CYDSASAC<XMEX>","Cydsa","C","MX","Accion","cancelado","CYDSASAC","BMV","-","2005-10-20","2008-04-30","Peso Mexico","Fabricación de otros productos químicos","Química"
"DIANAA<XMEX>","Diana Editorial","A","MX","Accion","cancelado","DIANAA","BMV","-","1998-08-17","2005-09-07","Peso Mexico","Edición de periódicos, revistas, libros y similares","Otros"
"DIANAB<XMEX>","Diana Editorial","B","MX","Accion","cancelado","DIANAB","BMV","-","1998-08-17","2005-12-08","Peso Mexico","Edición de periódicos, revistas, libros y similares","Otros"
"DINAL<XMEX>","Dina Grupo","L","MX","Accion","cancelado","DINAL","BMV","-","1999-12-16","2000-12-14","Peso Mexico","Fabricación de automóviles y camiones","Vehículos y Pieza"
"DINA<XMEX>","Dina Grupo","Ord","MX","Accion","cancelado","DINA","BMV","-","1993-03-31","2001-02-12","Peso Mexico","Fabricación de automóviles y camiones","Vehículos y Pieza"
"DIXON<XMEX>","Dixon Ticonderoga","","MX","Accion","cancelado","DIXON","BMV","-","1994-09-14","2007-01-15","Peso Mexico","Otras industrias manufactureras","Otros"
"DUTY<XMEX>","Duty Free","","MX","Accion","cancelado","DUTY","BMV","-","1997-12-22","2003-01-13","Peso Mexico","Otras tiendas de mercancias diversas","Comercio"
"ECE<XMEX>","Ece","Ord","MX","Accion","cancelado","ECE","BMV","-","1997-04-16","2001-04-17","Peso Mexico","Servicios de preparación de alimentos y bebidas","Otros"
"EDOARDOB<XMEX>","Edoardo","B","MX","Accion","cancelado","EDOARDOB","BMV","-","1992-10-28","2014-04-08","Peso Mexico","Tienda de ropas","Comercio"
"EMVASAB<XMEX>","Embot Valle Anahuac","B","MX","Accion","cancelado","EMVASAB","BMV","-","1993-11-29","2001-03-23","Peso Mexico","Industria de las bebidas","Alimentos y Beb"
"EMPAQB<XMEX>","Empaques Ponderosa","B","MX","Accion","cancelado","EMPAQB","BMV","-","1996-10-28","2005-01-12","Peso Mexico","Fabricación de pulpa, papel y cartón","Papel y Celulosa"
"FERIONIA<XMEX>","Ferrioni","A","MX","Accion","cancelado","FERIONIA","BMV","-","1994-05-30","2000-05-04","Peso Mexico","Tienda de ropas y accesorios de vestir","Comercio"
"FNAIM18<XMEX>","Fnaim","18","MX","Accion","cancelado","FNAIM18","BMV","-","2018-06-08","2019-02-21","Peso Mexico","Bancos","Finanzas y Seguros"
"FOTOLUZB<XMEX>","Fotoluz Corp","B","MX","Accion","cancelado","FOTOLUZB","BMV","-","1994-12-15","1999-08-12","Peso Mexico","Tienda de artículos deportivos e instrumentos musicales","Comercio"
"GACCIONB<XMEX>","Gaccion","B","MX","Accion","cancelado","GACCIONB","BMV","-","1997-07-01","2005-04-18","Peso Mexico","Servicios inmobiliarios","Otros"
"GAMB<XMEX>","Gazucarero Mex","B","MX","Accion","cancelado","GAMB","BMV","-","1997-10-01","2012-10-19","Peso Mexico","Elaboración de azúcares, chocolates, dulces y similares","Alimentos y Beb"
"GCORVIA<XMEX>","Gcorvi","A","MX","Accion","cancelado","GCORVIA","BMV","-","1996-05-08","2007-10-24","Peso Mexico","Comercio al por mayor de productos de tienda de comestibles","Comercio"
"GEPMB<XMEX>","Gemp Priv Mex","B","MX","Accion","cancelado","GEPMB","BMV","-","1998-07-27","1999-11-03","Peso Mexico","Corporativos","Otros"
"GEOC<XMEX>","Geo Corporacion","C","MX","Accion","cancelado","GEOC","BMV","-","-","-","Peso Mexico","Edificación residencial","Construcción"
"GFCRECEA<XMEX>","Gfbancrecer","A","MX","Accion","cancelado","GFCRECEA","BMV","-","1998-02-13","1998-02-23","Peso Mexico","Bancos","Finanzas y Seguros"
"GFCRECEB<XMEX>","Gfbancrecer","B","MX","Accion","cancelado","GFCRECEB","BMV","-","1998-02-09","1998-02-26","Peso Mexico","Bancos","Finanzas y Seguros"
"GFBBB<XMEX>","Gfbbva Bancomer","B","MX","Accion","cancelado","GFBBB","BMV","-","1992-03-17","2004-07-26","Peso Mexico","Bancos","Finanzas y Seguros"
"GFBITALL<XMEX>","Gfbital","L","MX","Accion","cancelado","GFBITALL","BMV","-","1996-01-04","2002-11-21","Peso Mexico","Bancos","Finanzas y Seguros"
"GFBITALO<XMEX>","Gfbital","O","MX","Accion","cancelado","GFBITALO","BMV","-","1995-02-20","2002-11-21","Peso Mexico","Bancos","Finanzas y Seguros"
"GFINTERO<XMEX>","GFinteracciones","O","MX","Accion","cancelado","GFINTERO","BMV","-","1992-12-16","2018-07-13","Peso Mexico","Actividades bursátiles, cambiarias y de inversión financiera","Finanzas y Seguros"
"GFMULTIA<XMEX>","GFMultiva","A","MX","Accion","cancelado","GFMULTIA","BMV","-","1998-07-15","1999-04-23","Peso Mexico","Otros servicios relacionados con la intermediación bursátil","Finanzas y Seguros"
"GFSCTIAB<XMEX>","Gfscotiainverlat","B","MX","Accion","cancelado","GFSCTIAB","BMV","-","1995-11-29","1995-11-29","Peso Mexico","Bancos","Finanzas y Seguros"
"GICONSAL<XMEX>","Giconsa","L","MX","Accion","cancelado","GICONSAL","BMV","-","1998-11-17","2000-03-17","Peso Mexico","Construcción pesada y ingeniería civil","Construcción"
"GICONSA<XMEX>","Giconsa","Ord","MX","Accion","cancelado","GICONSA","BMV","-","1998-07-29","2001-11-09","Peso Mexico","Construcción pesada y ingeniería civil","Construcción"
"GISSA<XMEX>","GInd Saltillo","Ord","MX","Accion","cancelado","GISSA","BMV","-","1991-12-10","2010-04-09","Peso Mexico","Fabricación de productos a base de arcillas y minerales refractarios","Minerales no Met"
"GMARTI<XMEX>","GMarti","*","MX","Accion","cancelado","GMARTI","BMV","-","1992-04-13","2012-11-26","Peso Mexico","Tienda de artículos deportivos e instrumentos musicales","Comercio"
"GMDR<XMEX>","GMD Resorts","*","MX","Accion","cancelado","GMDR","BMV","-","2008-01-22","2014-05-05","Peso Mexico","Loteamento de inmuebles","Construcción"
"GMDB<XMEX>","GMex Desarrollo","B","MX","Accion","cancelado","GMDB","BMV","-","1993-12-14","2008-01-18","Peso Mexico","Construcción de carreteras, calles, puentes y tuneles","Construcción"
"GMDL<XMEX>","GMex Desarrollo","L","MX","Accion","cancelado","GMDL","BMV","-","1994-08-24","2001-01-11","Peso Mexico","Construcción de carreteras, calles, puentes y tuneles","Construcción"
"GMODELOC<XMEX>","GModelo","C","MX","Accion","cancelado","GMODELOC","BMV","-","1994-02-16","2015-09-02","Peso Mexico","Industria de las bebidas","Alimentos y Beb"
"GMODERN<XMEX>","GModerna","*","MX","Accion","cancelado","GMODERN","BMV","-","-","-","Peso Mexico","Otras industrias alimentarias","Alimentos y Beb"
"GMODERNA<XMEX>","GModerna","A","MX","Accion","cancelado","GMODERNA","BMV","-","1992-01-07","2010-11-08","Peso Mexico","Otras industrias alimentarias","Alimentos y Beb"
"GOMO<XMEX>","Gomo","Ord","MX","Accion","cancelado","GOMO","BMV","-","1997-09-12","2008-07-28","Peso Mexico","Comercio al por mayor de articulos electricos","Comercio"
"GPQB<XMEX>","Gprove Quim","B","MX","Accion","cancelado","GPQB","BMV","-","1998-02-06","2003-11-24","Peso Mexico","Comercio al por mayor de productos químicos","Comercio"
"GSYRB<XMEX>","Gsalinas Y Rocha","B","MX","Accion","cancelado","GSYRB","BMV","-","1991-12-18","1999-01-13","Peso Mexico","Tienda de muebles","Comercio"
"GSERFINA<XMEX>","Gserfin Gpo Fin","A","MX","Accion","cancelado","GSERFINA","BMV","-","1992-01-02","1999-06-10","Peso Mexico","Instituciones de intermediación crediticia y financiera no bursátil","Finanzas y Seguros"
"GSERFINB<XMEX>","Gserfin Gpo Fin","B","MX","Accion","cancelado","GSERFINB","BMV","-","1991-12-02","1999-06-10","Peso Mexico","Instituciones de intermediación crediticia y financiera no bursátil","Finanzas y Seguros"
"GSERFINL<XMEX>","Gserfin Gpo Fin","L","MX","Accion","cancelado","GSERFINL","BMV","-","1998-02-09","1999-06-08","Peso Mexico","Instituciones de intermediación crediticia y financiera no bursátil","Finanzas y Seguros"
"HOGARB<XMEX>","Hogar Consorcio","B","MX","Accion","cancelado","HOGARB","BMV","-","1997-05-23","2016-08-04","Peso Mexico","Edificación residencial","Construcción"
"HYLSAMXB<XMEX>","Hylsamex","B","MX","Accion","cancelado","HYLSAMXB","BMV","-","1995-01-02","2005-12-19","Peso Mexico","Fabricación de productos de hierro y acero","Siderur & Metalur"
"HYLSAMXCPO<XMEX>","Hylsamex","CPO","MX","Accion","cancelado","HYLSAMXCPO","BMV","-","2004-02-25","2004-07-29","Peso Mexico","Fabricación de productos de hierro y acero","Siderur & Metalur"
"HYLSAMXL<XMEX>","Hylsamex","L","MX","Accion","cancelado","HYLSAMXL","BMV","-","2004-07-15","2005-12-20","Peso Mexico","Fabricación de productos de hierro y acero","Siderur & Metalur"
"IEMA<XMEX>","Iem","A","MX","Accion","cancelado","IEMA","BMV","-","-","-","Peso Mexico","Fabricación de aparatos eléctricos de uso doméstico","Electroelectronic"
"IEMB<XMEX>","Iem","B","MX","Accion","cancelado","IEMB","BMV","-","1998-09-28","1998-09-28","Peso Mexico","Fabricación de aparatos eléctricos de uso doméstico","Electroelectronic"
"IMSA<XMEX>","Imsa Gpo","Ord","MX","Accion","cancelado","IMSA","BMV","-","1996-12-13","2007-08-08","Peso Mexico","Industria básica del hierro y del acero","Siderur & Metalur"
"INCARSOB-1<XMEX>","Incarso","B-1","MX","Accion","cancelado","INCARSOB-1","BMV","-","2011-01-05","2015-11-30","Peso Mexico","Loteamento de inmuebles","Construcción"
"IASASA<XMEX>","Ind. Automotriz","*","MX","Accion","cancelado","IASASA","BMV","-","1994-06-15","2011-10-27","Peso Mexico","Fabricación de partes para vehículos automotores","Vehículos y Pieza"
"INGEALL<XMEX>","Ingeal","L","MX","Accion","cancelado","INGEALL","BMV","-","1994-12-08","2002-05-10","Peso Mexico","Elaboración de productos de panadería y tortillas","Alimentos y Beb"
"CERAMICD<XMEX>","Inter de Ceramica","D","MX","Accion","cancelado","CERAMICD","BMV","-","1992-01-07","2017-10-30","Peso Mexico","Fabricación de productos a base de arcillas y minerales refractarios","Minerales no Met"
"CELA<XMEX>","Iusacell Gpo","A","MX","Accion","cancelado","CELA","BMV","-","1994-06-15","1999-07-22","Peso Mexico","Telecomunicaciones","Telecomunicación"
"CEL<XMEX>","Iusacell Gpo","Ord","MX","Accion","cancelado","CEL","BMV","-","1994-06-15","2010-06-30","Peso Mexico","Telecomunicaciones","Telecomunicación"
"IXEGFO<XMEX>","Ixe Gpo Financiero","O","MX","Accion","cancelado","IXEGFO","BMV","-","1994-12-29","2011-04-13","Peso Mexico","Bancos","Finanzas y Seguros"
"MAIZORO<XMEX>","Maizoro","Ord","MX","Accion","cancelado","MAIZORO","BMV","-","1997-08-26","2003-10-17","Peso Mexico","Molienda de granos y de semillas oleaginosas","Alimentos y Beb"
"MADISAB<XMEX>","Maq Diesel","B","MX","Accion","cancelado","MADISAB","BMV","-","1996-05-22","2007-04-12","Peso Mexico","Comercio al por mayor de máquinas, equipos y  accesorios","Comercio"
"MADISAL<XMEX>","Maq Diesel","L","MX","Accion","cancelado","MADISAL","BMV","-","1996-05-22","2007-04-12","Peso Mexico","Comercio al por mayor de máquinas, equipos y  accesorios","Comercio"
"MASECAB<XMEX>","Maseca","B","MX","Accion","cancelado","MASECAB","BMV","-","1992-01-02","2017-10-04","Peso Mexico","Molienda de granos y de semillas oleaginosas","Alimentos y Beb"
"MAXCOMCPO<XMEX>","Maxcom Telecom","CPO","MX","Accion","cancelado","MAXCOMCPO","BMV","-","2007-10-18","2016-08-22","Peso Mexico","Otros servicios de telecomunicaciones","Telecomunicación"
"MEDICAA<XMEX>","Medica Sur","A","MX","Accion","cancelado","MEDICAA","BMV","-","1994-07-19","2003-02-12","Peso Mexico","Consultorios médicos","Otros"
"MEDICAL<XMEX>","Medica Sur","L","MX","Accion","cancelado","MEDICAL","BMV","-","1994-03-11","2003-02-24","Peso Mexico","Consultorios médicos","Otros"
"NADROB<XMEX>","Nadro","B","MX","Accion","cancelado","NADROB","BMV","-","1997-01-16","2004-12-02","Peso Mexico","Comercio al por mayor de material primario para productos rurales","Comercio"
"OPCAPA<XMEX>","Opcap","A","MX","Accion","cancelado","OPCAPA","BMV","-","-","-","Peso Mexico","Corporativos","Otros"
"OPCAPB<XMEX>","Opcap","B","MX","Accion","cancelado","OPCAPB","BMV","-","1998-11-04","2001-11-21","Peso Mexico","Corporativos","Otros"
"PARRAS<XMEX>","Parras Cia Indus","Ord","MX","Accion","cancelado","PARRAS","BMV","-","1992-02-19","2008-12-22","Peso Mexico","Fabricación de telas","Textil"
"PATRIA<XMEX>","Patria Reasegurador","*","MX","Accion","cancelado","PATRIA","BMV","-","1994-09-09","2011-03-28","Peso Mexico","Instituciones de seguros","Finanzas y Seguros"
"PATRIAB<XMEX>","Patria Reasegurador","B","MX","Accion","cancelado","PATRIAB","BMV","-","1999-10-01","2004-07-27","Peso Mexico","Instituciones de seguros","Finanzas y Seguros"
"PEPSIGXB<XMEX>","Pepsigx (Gemex)","B","MX","Accion","cancelado","PEPSIGXB","BMV","-","1991-12-18","2001-05-04","Peso Mexico","Industria de las bebidas","Alimentos y Beb"
"PEPSIGXCPO<XMEX>","Pepsigx (Gemex)","CPO","MX","Accion","cancelado","PEPSIGXCPO","BMV","-","1994-04-14","2002-11-22","Peso Mexico","Industria de las bebidas","Alimentos y Beb"
"PERKINSB<XMEX>","Perkins Motores","B","MX","Accion","cancelado","PERKINSB","BMV","-","1992-08-28","2003-06-17","Peso Mexico","Fabricación de motores de combustión interna, turbinas y transmisiones","Maquinaria Indust"
"PYPB<XMEX>","Planeacion Y Proyec","B","MX","Accion","cancelado","PYPB","BMV","-","1994-06-10","2009-12-17","Peso Mexico","Construcción pesada y ingeniería civil","Construcción"
"PLAVICO<XMEX>","Plavico","Ord","MX","Accion","cancelado","PLAVICO","BMV","-","1998-11-12","1999-11-15","Peso Mexico","Fabricación de productos químicos básicos","Química"
"POSADASL<XMEX>","Posadas Gpo","L","MX","Accion","cancelado","POSADASL","BMV","-","1992-12-21","2013-01-08","Peso Mexico","Hoteles, moteles y similares","Otros"
"QBINDUSA<XMEX>","Q.B. Industrias","A","MX","Accion","cancelado","QBINDUSA","BMV","-","1998-12-03","1999-10-15","Peso Mexico","Fabricación de productos químicos básicos","Química"
"QBINDUSB<XMEX>","Q.B. Industrias","B","MX","Accion","cancelado","QBINDUSB","BMV","-","1998-09-04","1999-10-15","Peso Mexico","Fabricación de productos químicos básicos","Química"
"QTELB<XMEX>","Qtel","B","MX","Accion","cancelado","QTELB","BMV","-","1999-08-24","1999-08-25","Peso Mexico","Transporte por ferrocarril","Transporte Servic"
"QAold<XMEX>","Qualitas","A","MX","Accion","cancelado","QAold","BMV","-","-","-","Peso Mexico","Instituciones de seguros","Finanzas y Seguros"
"QBold<XMEX>","Qualitas","B","MX","Accion","cancelado","QBold","BMV","-","-","-","Peso Mexico","Instituciones de seguros","Finanzas y Seguros"
"QCPOold<XMEX>","Qualitas","CPO","MX","Accion","cancelado","QCPOold","BMV","-","2005-03-15","2013-03-11","Peso Mexico","Instituciones de seguros","Finanzas y Seguros"
"REALTURA<XMEX>","Real Turismo","A","MX","Accion","cancelado","REALTURA","BMV","-","-","-","Peso Mexico","Hoteles, moteles y similares","Otros"
"REGIOEMB<XMEX>","Regioem B","","MX","Accion","cancelado","REGIOEMB","BMV","-","1997-02-07","2003-09-24","Peso Mexico","Fabricación de pinturas, recubrimientos y adhesivos","Química"
"SAB<XMEX>","Saba Casa Grupo","*","MX","Accion","cancelado","SAB","BMV","-","1993-12-07","2013-05-14","Peso Mexico","Servicios de investigación científica y desarrollo","Otros"
"SAVIAA<XMEX>","Savia","A","MX","Accion","cancelado","SAVIAA","BMV","-","1991-12-03","2005-04-28","Peso Mexico","Cultivo de semillas oleaginosas, leguminosas y cereales","Agro & Pesca"
"SEARSB1<XMEX>","Sears Roebuck","B1","MX","Accion","cancelado","SEARSB1","BMV","-","1992-03-17","1998-10-07","Peso Mexico","Grandes almacenes","Comercio"
"SEGCOAMA<XMEX>","Seguros Com America","A","MX","Accion","cancelado","SEGCOAMA","BMV","-","1992-02-26","2001-11-06","Peso Mexico","Instituciones de seguros","Finanzas y Seguros"
"SEGCOAMB<XMEX>","Seguros Com America","B","MX","Accion","cancelado","SEGCOAMB","BMV","-","1992-02-26","2001-11-06","Peso Mexico","Instituciones de seguros","Finanzas y Seguros"
"SIDEKA<XMEX>","Sidek Grupo","A","MX","Accion","cancelado","SIDEKA","BMV","-","1995-02-14","1999-03-15","Peso Mexico","Hoteles, moteles y similares","Otros"
"SIDEKB<XMEX>","Sidek Grupo","B","MX","Accion","cancelado","SIDEKB","BMV","-","1991-12-02","1999-03-15","Peso Mexico","Hoteles, moteles y similares","Otros"
"SIDEKL<XMEX>","Sidek Grupo","L","MX","Accion","cancelado","SIDEKL","BMV","-","1995-02-08","1999-03-15","Peso Mexico","Hoteles, moteles y similares","Otros"
"SIGMAB<XMEX>","Sigma Grupo","B","MX","Accion","cancelado","SIGMAB","BMV","-","1994-09-19","2000-07-25","Peso Mexico","Matanza, empacado y procesamiento de carne de ganado, aves y otros animales comestibles","Alimentos y Beb"
"SIMECA<XMEX>","Simec Grupo","A","MX","Accion","cancelado","SIMECA","BMV","-","-","-","Peso Mexico","Industria básica del hierro y del acero","Siderur & Metalur"
"SITURA<XMEX>","Situr Grupo","A","MX","Accion","cancelado","SITURA","BMV","-","-","-","Peso Mexico","Hoteles, moteles y similares","Otros"
"SITURB<XMEX>","Situr Grupo","B","MX","Accion","cancelado","SITURB","BMV","-","1991-12-05","1999-03-15","Peso Mexico","Hoteles, moteles y similares","Otros"
"SURESTEA<XMEX>","Sureste Gpo Fin","A","MX","Accion","cancelado","SURESTEA","BMV","-","1994-04-06","1995-03-08","Peso Mexico","Servicios financieros y de seguros","Finanzas y Seguros"
"SURESTEB<XMEX>","Sureste Gpo Fin","B","MX","Accion","cancelado","SURESTEB","BMV","-","1994-04-06","1995-03-08","Peso Mexico","Servicios financieros y de seguros","Finanzas y Seguros"
"SYNKROA<XMEX>","Synkro Industrias","A","MX","Accion","cancelado","SYNKROA","BMV","-","1998-02-09","2003-10-16","Peso Mexico","Fabricación de prendas de vestir de tejido de punto","Textil"
"SYNKROC<XMEX>","Synkro Industrias","C","MX","Accion","cancelado","SYNKROC","BMV","-","1993-10-11","2002-08-06","Peso Mexico","Fabricación de prendas de vestir de tejido de punto","Textil"
"TEKCHEMA<XMEX>","Tekchem","A","MX","Accion","cancelado","TEKCHEMA","BMV","-","1996-09-27","2008-04-03","Peso Mexico","Fabricación de otros productos químicos","Química"
"TELMEXA<XMEX>","Telefs de Mex","A","MX","Accion","cancelado","TELMEXA","BMV","-","1991-12-02","2012-12-07","Peso Mexico","Operadores de servicios de telecomunicaciones vía satélite","Telecomunicación"
"TELMEXL<XMEX>","Telefs de Mex","L","MX","Accion","cancelado","TELMEXL","BMV","-","1991-12-02","2012-12-07","Peso Mexico","Operadores de servicios de telecomunicaciones vía satélite","Telecomunicación"
"SITESAA<XMEX>","Telesites","AA","MX","Accion","cancelado","SITESAA","BMV","-","-","-","Peso Mexico","Otros servicios de telecomunicaciones","Telecomunicación"
"SITESL<XMEX>","Telesites","L","MX","Accion","cancelado","SITESL","BMV","-","2015-12-21","2016-07-14","Peso Mexico","Otros servicios de telecomunicaciones","Telecomunicación"
"TLEVISAA<XMEX>","Televisa Gpo","A","MX","Accion","cancelado","TLEVISAA","BMV","-","1999-12-06","2005-06-10","Peso Mexico","Otros servicios de telecomunicaciones","Telecomunicación"
"TLEVISAB<XMEX>","Televisa Gpo","B","MX","Accion","cancelado","TLEVISAB","BMV","-","2004-10-04","2004-10-04","Peso Mexico","Otros servicios de telecomunicaciones","Telecomunicación"
"TLEVISAD<XMEX>","Televisa Gpo","D","MX","Accion","cancelado","TLEVISAD","BMV","-","2004-10-04","2004-10-04","Peso Mexico","Otros servicios de telecomunicaciones","Telecomunicación"
"TLEVISAL<XMEX>","Televisa Gpo","L","MX","Accion","cancelado","TLEVISAL","BMV","-","2004-10-04","2004-10-04","Peso Mexico","Otros servicios de telecomunicaciones","Telecomunicación"
"TELINTA<XMEX>","Telmex Interna","A","MX","Accion","cancelado","TELINTA","BMV","-","2008-06-09","2011-04-27","Peso Mexico","Otros servicios de telecomunicaciones","Telecomunicación"
"TELINTL<XMEX>","Telmex Interna","L","MX","Accion","cancelado","TELINTL","BMV","-","2008-06-09","2011-04-27","Peso Mexico","Otros servicios de telecomunicaciones","Telecomunicación"
"TENUSB-1<XMEX>","Tenedora US","B-1","MX","Accion","cancelado","TENUSB-1","BMV","-","2002-07-08","2002-08-16","Peso Mexico","Tienda de equipos electrónicos","Comercio"
"TUACEROA<XMEX>","Tubacero","A","MX","Accion","cancelado","TUACEROA","BMV","-","1995-04-11","1995-04-11","Peso Mexico","Fabricación de productos de hierro y acero","Siderur & Metalur"
"TUACEROB<XMEX>","Tubacero","B","MX","Accion","cancelado","TUACEROB","BMV","-","1995-04-11","1995-04-11","Peso Mexico","Fabricación de productos de hierro y acero","Siderur & Metalur"
"TAMSA<XMEX>","Tubos de Acero Mex","Ord","MX","Accion","cancelado","TAMSA","BMV","-","1991-12-02","2002-12-13","Peso Mexico","Fabricación de productos de hierro y acero","Siderur & Metalur"
"UNEFONA<XMEX>","Unefon","A","MX","Accion","cancelado","UNEFONA","BMV","-","2000-12-15","2005-07-04","Peso Mexico","Telecomunicaciones","Telecomunicación"
"UNICAB<XMEX>","Union de Capitales","B","MX","Accion","cancelado","UNICAB","BMV","-","1998-03-20","2002-01-31","Peso Mexico","Corporativos","Otros"
"CNCIB<XMEX>","Universidad CNCI","B","MX","Accion","cancelado","CNCIB","BMV","-","1997-07-21","2011-11-11","Peso Mexico","Tienda de equipos electrónicos","Comercio"
"USCOMB-1<XMEX>","US Commercial","B-1","MX","Accion","cancelado","USCOMB-1","BMV","-","2002-07-09","2007-12-13","Peso Mexico","Tienda de equipos electrónicos","Comercio"
"VALLEB<XMEX>","Valle Jugos Del","B","MX","Accion","cancelado","VALLEB","BMV","-","1994-03-28","2007-08-30","Peso Mexico","Industria de las bebidas","Alimentos y Beb"
"VALUEGFA<XMEX>","Value GF","A","MX","Accion","cancelado","VALUEGFA","BMV","-","1998-07-14","2000-11-08","Peso Mexico","Otros servicios relacionados con la intermediación bursátil","Finanzas y Seguros"
"VZT<XMEX>","Verzatec","Ord","MX","Accion","cancelado","VZT","BMV","-","2006-06-28","2008-06-30","Peso Mexico","Fabricación de productos de hierro y acero","Siderur & Metalur"
"VIDEO<XMEX>","Video Visa Gpo","Ord","MX","Accion","cancelado","VIDEO","BMV","-","1997-04-23","2000-12-21","Peso Mexico","Otros servicios recreativos","Otros"
"VISTAB<XMEX>","Vista Oil & Gas","B","MX","Accion","cancelado","VISTAB","BMV","-","-","-","Peso Mexico","Extracción de petróleo y gas","Petróleo y Gas"
"WALMEXC<XMEX>","Wal Mart de Mexico","C","MX","Accion","cancelado","WALMEXC","BMV","-","1991-12-02","2004-02-27","Peso Mexico","Grandes almacenes","Comercio"
